,age,tenure_in_days,previous_transaction_date,last_transaction_date,feature_count,total_fuel_order,fuel_amount,avg_spend_amount_per_order,avg_spend_amount_per_month,avg_transaction_days,paymentmethod_mode,fuelgrade_mode,topup_count,topup_amount,avg_topup_amount_per_topup,topupmethod_mode,email_verified,user_language,account_verified,user_gender,days_difference,days_refdate_vs_lasttransdate,churn
0,,95,2022-06-29 00:00:00+00:00,2022-07-07 00:00:00+00:00,1,6,240,40,60,15,Setel Wallet,PRIMAX 95,6,240,40,Bank Account,No,EN,Yes,Unknown gender,8,8,0
1,,112,2022-05-31 00:00:00+00:00,2022-07-04 00:00:00+00:00,1,6,36.32,6.053333333,12.10666667,18,Setel Wallet,PRIMAX 95,3,50,16.66666667,Bank Account,No,EN,Yes,Unknown gender,34,11,0
2,,180,2022-07-03 00:00:00+00:00,2022-07-09 00:00:00+00:00,1,14,472.59,33.75642857,78.765,12,Setel Wallet,PRIMAX 95,7,665,95,Card,No,EN,Yes,Unknown gender,6,6,0
3,28,120,2022-07-01 00:00:00+00:00,2022-07-08 00:00:00+00:00,1,12,570,47.5,114,10,Setel Wallet,PRIMAX 95,6,670,111.6666667,Bank Account,No,EN,Yes,Female,7,7,0
4,24,193,2022-07-11 00:00:00+00:00,2022-07-13 00:00:00+00:00,1,32,1365,42.65625,195,6,Setel Wallet,PRIMAX 95,24,1355,56.45833333,Card,No,EN,Yes,Male,2,2,0
5,37,116,2022-07-13 00:00:00+00:00,2022-07-13 00:00:00+00:00,1,35,907.23,25.92085714,181.446,3,Setel Wallet,PRIMAX 95,10,990,99,Bank Account,Yes,EN,Yes,Male,0,2,0
6,36,109,2022-07-12 00:00:00+00:00,2022-07-15 00:00:00+00:00,1,36,1310,36.38888889,262,3,CardTerus,PRIMAX 95,16,1154,72.125,Bank Account,Yes,EN,Yes,Male,3,0,0
7,,144,2022-07-02 00:00:00+00:00,2022-07-11 00:00:00+00:00,1,11,450,40.90909091,75,13,Setel Wallet,PRIMAX 95,11,450,40.90909091,Bank Account,No,EN,Yes,Unknown gender,9,4,0
8,,163,2022-07-02 00:00:00+00:00,2022-07-10 00:00:00+00:00,1,17,474.25,27.89705882,79.04166667,9,Setel Wallet,PRIMAX 95,19,480.5,25.28947368,Grab,No,EN,Yes,Unknown gender,8,5,0
9,26,133,2022-06-29 00:00:00+00:00,2022-07-08 00:00:00+00:00,1,28,1080,38.57142857,216,4,Setel Wallet,PRIMAX 95,21,1080,51.42857143,Bank Account,No,EN,Yes,Female,9,7,0
10,,111,2022-07-13 00:00:00+00:00,2022-07-13 00:00:00+00:00,1,14,139,9.928571429,34.75,7,Setel Wallet,PRIMAX 95,9,140,15.55555556,Card,No,EN,Yes,Unknown gender,0,2,0
11,,185,2022-07-07 00:00:00+00:00,2022-07-14 00:00:00+00:00,1,27,212.44,7.868148148,35.40666667,6,Setel Wallet,PRIMAX 95,6,220,36.66666667,Bank Account,No,EN,Yes,Unknown gender,7,1,0
12,53,161,2022-07-04 00:00:00+00:00,2022-07-08 00:00:00+00:00,1,29,3050.65,105.1948276,508.4416667,5,Setel Wallet,EURO5,1,150,150,Boost,No,EN,Yes,Unknown gender,4,7,0
13,,183,2022-01-25 00:00:00+00:00,2022-07-07 00:00:00+00:00,1,6,280,46.66666667,140,30,Setel Wallet,PRIMAX 95,6,280,46.66666667,Bank Account,No,EN,Yes,Unknown gender,163,8,0
14,25,147,2022-07-06 00:00:00+00:00,2022-07-14 00:00:00+00:00,1,17,741.2,43.6,148.24,8,Setel Wallet,PRIMAX 95,13,780,60,Bank Account,No,EN,Yes,Female,8,1,0
15,43,156,2022-04-20 00:00:00+00:00,2022-07-12 00:00:00+00:00,1,9,409.21,45.46777778,102.3025,17,Setel Wallet,PRIMAX 95,8,460,57.5,Bank Account,No,EN,Yes,Female,83,3,0
16,,188,2022-07-12 00:00:00+00:00,2022-07-15 00:00:00+00:00,1,37,1331.21,35.97864865,190.1728571,5,Setel Wallet,PRIMAX 95,4,530,132.5,Bank Account,No,EN,Yes,Unknown gender,3,0,0
17,,115,2022-07-06 00:00:00+00:00,2022-07-12 00:00:00+00:00,1,20,2093.97,104.6985,418.794,5,Setel Wallet,PRIMAX 95,14,2118.97,151.355,Card,No,EN,Yes,Unknown gender,6,3,0
18,,142,2022-07-01 00:00:00+00:00,2022-07-15 00:00:00+00:00,1,15,555,37,111,9,Setel Wallet,PRIMAX 95,14,565,40.35714286,Bank Account,Yes,EN,Yes,Unknown gender,14,0,0
19,,115,2022-07-13 00:00:00+00:00,2022-07-14 00:00:00+00:00,1,29,1546.72,53.33517241,309.344,3,CardTerus,PRIMAX 95,1,25,25,Card,No,EN,Yes,Unknown gender,1,1,0
20,31,123,2022-07-06 00:00:00+00:00,2022-07-08 00:00:00+00:00,1,7,115,16.42857143,28.75,17,Setel Wallet,PRIMAX 95,30,360.09,12.003,Epay Vouchers,No,EN,Yes,Female,2,7,0
21,,146,2022-07-07 00:00:00+00:00,2022-07-10 00:00:00+00:00,1,41,860,20.97560976,143.3333333,3,Setel Wallet,PRIMAX 95,11,905,82.27272727,Bank Account,No,EN,Yes,Unknown gender,3,5,0
22,,128,2022-07-07 00:00:00+00:00,2022-07-14 00:00:00+00:00,1,36,170,4.722222222,34,3,Setel Wallet,PRIMAX 95,10,170,17,Bank Account,No,EN,Yes,Male,7,1,0
23,,175,2022-05-27 00:00:00+00:00,2022-07-13 00:00:00+00:00,1,10,350,35,87.5,17,Setel Wallet,PRIMAX 95,10,350,35,Bank Account,No,EN,Yes,Unknown gender,47,2,0
24,,77,2022-07-11 00:00:00+00:00,2022-07-13 00:00:00+00:00,1,12,63.59,5.299166667,21.19666667,6,Setel Wallet,PRIMAX 95,5,70,14,Bank Account,No,EN,Yes,Unknown gender,2,2,0
25,48,177,2022-07-12 00:00:00+00:00,2022-07-15 00:00:00+00:00,1,42,4594.29,109.3878571,656.3271429,4,CardTerus,PRIMAX 95,4,540,135,Card,Yes,EN,Yes,Male,3,0,0
26,,102,2022-07-05 00:00:00+00:00,2022-07-13 00:00:00+00:00,1,13,511.29,39.33,127.8225,7,Setel Wallet,PRIMAX 95,11,512,46.54545455,Bank Account,No,EN,Yes,Unknown gender,8,2,0
27,,118,2022-06-28 00:00:00+00:00,2022-07-09 00:00:00+00:00,1,8,228,28.5,45.6,14,Setel Wallet,PRIMAX 95,8,223,27.875,Bank Account,No,EN,Yes,Unknown gender,11,6,0
28,,152,2022-06-26 00:00:00+00:00,2022-07-07 00:00:00+00:00,1,25,1425.72,57.0288,237.62,6,Setel Wallet,PRIMAX 95,20,1451.5,72.575,Card,No,EN,Yes,Male,11,8,0
29,25,111,2022-07-06 00:00:00+00:00,2022-07-06 00:00:00+00:00,1,40,371.94,9.2985,74.388,2,Setel Wallet,PRIMAX 95,25,440,17.6,Bank Account,No,EN,Yes,Male,0,9,0
30,38,80,2022-06-21 00:00:00+00:00,2022-07-04 00:00:00+00:00,1,10,400,40,100,8,Setel Wallet,PRIMAX 95,9,423.51,47.05666667,Boost,No,ZH-HANS,Yes,Male,13,11,0
31,25,115,2022-07-09 00:00:00+00:00,2022-07-14 00:00:00+00:00,1,20,1479.82,73.991,369.955,5,CardTerus,PRIMAX 95,9,660,73.33333333,Bank Account,No,EN,Yes,Male,5,1,0
32,,94,2022-07-04 00:00:00+00:00,2022-07-12 00:00:00+00:00,1,13,250,19.23076923,62.5,7,Setel Wallet,PRIMAX 95,4,260,65,Bank Account,No,EN,Yes,Unknown gender,8,3,0
33,,139,2022-06-28 00:00:00+00:00,2022-07-07 00:00:00+00:00,1,12,571.58,47.63166667,114.316,11,Setel Wallet,PRIMAX 95,6,570,95,Bank Account,No,EN,Yes,Unknown gender,9,8,0
34,,181,2022-06-28 00:00:00+00:00,2022-07-09 00:00:00+00:00,1,13,610,46.92307692,101.6666667,13,CardTerus,PRIMAX 95,3,120,40,Card,No,EN,Yes,Unknown gender,11,6,0
35,34,99,2022-07-13 00:00:00+00:00,2022-07-15 00:00:00+00:00,1,54,1713.54,31.73222222,428.385,1,Setel Wallet,PRIMAX 95,41,1886,46,Bank Account,No,EN,Yes,Male,2,0,0
36,24,157,2022-07-04 00:00:00+00:00,2022-07-12 00:00:00+00:00,1,19,880.61,46.34789474,146.7683333,8,Setel Wallet,PRIMAX 95,16,1005,62.8125,Card,No,EN,Yes,Female,8,3,0
37,,144,2022-07-07 00:00:00+00:00,2022-07-15 00:00:00+00:00,1,26,1430,55,286,5,Setel Wallet,EURO5,17,1580,92.94117647,Card,Yes,EN,Yes,Unknown gender,8,0,0
38,26,180,2022-07-14 00:00:00+00:00,2022-07-15 00:00:00+00:00,1,41,1305.38,31.83853659,186.4828571,4,Setel Wallet,PRIMAX 95,41,1305.38,31.83853659,Card,No,EN,Yes,Female,1,0,0
39,26,107,2022-07-08 00:00:00+00:00,2022-07-09 00:00:00+00:00,1,39,2201.27,56.44282051,440.254,2,Setel Wallet,PRIMAX 95,15,1556.72,103.7813333,Card,Yes,EN,Yes,Male,1,6,0
40,44,144,2022-07-14 00:00:00+00:00,2022-07-15 00:00:00+00:00,1,68,2465.25,36.25367647,410.875,2,Setel Wallet,PRIMAX 95,47,2535,53.93617021,Bank Account,No,MS,Yes,Male,1,0,0
41,50,113,2022-07-12 00:00:00+00:00,2022-07-14 00:00:00+00:00,1,18,1161.91,64.55055556,290.4775,6,Setel Wallet,PRIMAX 95,23,1163.02,50.56608696,Epay Vouchers,No,EN,Yes,Unknown gender,2,1,0
42,32,176,2022-07-07 00:00:00+00:00,2022-07-10 00:00:00+00:00,1,27,874.26,32.38,124.8942857,6,Setel Wallet,PRIMAX 95,25,870,34.8,Bank Account,No,EN,Yes,Female,3,5,0
43,,111,2022-06-27 00:00:00+00:00,2022-07-14 00:00:00+00:00,1,14,690,49.28571429,138,7,Setel Wallet,PRIMAX 95,10,690,69,Bank Account,No,EN,Yes,Unknown gender,17,1,0
44,46,177,2022-07-13 00:00:00+00:00,2022-07-14 00:00:00+00:00,1,71,3360,47.32394366,480,2,Setel Wallet,PRIMAX 95,41,3377.59,82.3802439,Card,No,EN,Yes,Male,1,1,0
45,26,113,2022-07-04 00:00:00+00:00,2022-07-09 00:00:00+00:00,1,19,629.1,33.11052632,125.82,5,Setel Wallet,PRIMAX 95,19,630,33.15789474,Bank Account,No,EN,Yes,Female,5,6,0
46,,95,2022-07-09 00:00:00+00:00,2022-07-11 00:00:00+00:00,1,10,220,22,55,9,Setel Wallet,PRIMAX 95,8,230,28.75,Bank Account,No,EN,Yes,Unknown gender,2,4,0
47,27,132,2022-07-09 00:00:00+00:00,2022-07-11 00:00:00+00:00,1,14,583,41.64285714,116.6,9,Setel Wallet,PRIMAX 95,14,590,42.14285714,Bank Account,No,EN,Yes,Male,2,4,0
48,29,130,2022-07-10 00:00:00+00:00,2022-07-13 00:00:00+00:00,1,81,2284.84,28.20790123,456.968,1,Setel Wallet,PRIMAX 95,62,2299.16,37.08322581,Bank Account,Yes,EN,Yes,Male,3,2,0
49,,176,2022-07-03 00:00:00+00:00,2022-07-14 00:00:00+00:00,1,15,540,36,77.14285714,11,Setel Wallet,PRIMAX 95,6,540,90,Card,No,EN,Yes,Unknown gender,11,1,0
50,,169,2022-07-11 00:00:00+00:00,2022-07-14 00:00:00+00:00,1,46,1275,27.7173913,182.1428571,3,Setel Wallet,PRIMAX 95,47,1269,27,Card,No,EN,Yes,Unknown gender,3,1,0
51,26,181,2022-07-13 00:00:00+00:00,2022-07-15 00:00:00+00:00,1,86,3396.01,39.48848837,566.0016667,2,Setel Wallet,EURO5,66,3400,51.51515152,Bank Account,No,EN,Yes,Male,2,0,0
52,30,192,2022-07-08 00:00:00+00:00,2022-07-14 00:00:00+00:00,1,31,1822.17,58.77967742,260.31,6,Setel Wallet,PRIMAX 95,19,1820,95.78947368,Card,No,EN,Yes,Female,6,1,0
53,,163,2022-06-22 00:00:00+00:00,2022-07-14 00:00:00+00:00,1,16,1089.3,68.08125,181.55,10,Setel Wallet,PRIMAX 95,14,1094,78.14285714,Bank Account,Yes,EN,Yes,Unknown gender,22,1,0
54,,174,2022-07-01 00:00:00+00:00,2022-07-04 00:00:00+00:00,1,26,1218.76,46.87538462,174.1085714,6,Setel Wallet,PRIMAX 95,19,1270,66.84210526,Bank Account,No,EN,Yes,Unknown gender,3,11,0
55,,93,2022-07-13 00:00:00+00:00,2022-07-15 00:00:00+00:00,1,13,208,16,69.33333333,7,Setel Wallet,PRIMAX 97,6,208,34.66666667,Bank Account,No,EN,Yes,Unknown gender,2,0,0
56,36,118,2022-07-11 00:00:00+00:00,2022-07-15 00:00:00+00:00,1,31,760.83,24.54290323,152.166,3,Setel Wallet,PRIMAX 95,5,900,180,Bank Account,Yes,EN,Yes,Unknown gender,4,0,0
57,35,107,2022-07-13 00:00:00+00:00,2022-07-15 00:00:00+00:00,1,55,1118.51,20.33654545,279.6275,1,Setel Wallet,PRIMAX 95,7,1182,168.8571429,Bank Account,No,EN,Yes,Male,2,0,0
58,,91,2022-07-12 00:00:00+00:00,2022-07-13 00:00:00+00:00,1,23,565.15,24.57173913,141.2875,3,Setel Wallet,PRIMAX 95,9,590,65.55555556,Bank Account,No,EN,Yes,Unknown gender,1,2,0
59,,171,2022-06-28 00:00:00+00:00,2022-07-04 00:00:00+00:00,1,28,485.73,17.3475,69.39,6,CardTerus,PRIMAX 95,3,120,40,Card,No,EN,Yes,Unknown gender,6,11,0
60,26,91,2022-06-27 00:00:00+00:00,2022-07-08 00:00:00+00:00,1,18,432.02,24.00111111,108.005,5,Setel Wallet,PRIMAX 95,14,448.82,32.05857143,Card,Yes,EN,Yes,Unknown gender,11,7,0
61,26,182,2022-07-13 00:00:00+00:00,2022-07-14 00:00:00+00:00,1,87,1945,22.35632184,277.8571429,2,CardTerus,PRIMAX 95,25,740,29.6,Card,No,EN,Yes,Male,1,1,0
62,24,97,2022-06-21 00:00:00+00:00,2022-07-06 00:00:00+00:00,1,14,385,27.5,96.25,6,Setel Wallet,PRIMAX 95,14,388.16,27.72571429,Redemption Points,No,EN,Yes,Female,15,9,0
63,40,104,2022-07-14 00:00:00+00:00,2022-07-15 00:00:00+00:00,1,16,1504.31,94.019375,376.0775,6,Setel Wallet,PRIMAX 95,17,1540,90.58823529,Bank Account,No,EN,Yes,Male,1,0,0
64,45,178,2022-07-08 00:00:00+00:00,2022-07-10 00:00:00+00:00,1,31,2961,95.51612903,423,5,CardTerus,PRIMAX 95,6,2491.06,415.1766667,Card,Yes,EN,Yes,Male,2,5,0
65,25,183,2022-06-25 00:00:00+00:00,2022-07-08 00:00:00+00:00,1,22,797.14,36.23363636,113.8771429,8,Setel Wallet,PRIMAX 95,14,810,57.85714286,Bank Account,No,EN,Yes,Male,13,7,0
66,35,144,2022-07-09 00:00:00+00:00,2022-07-11 00:00:00+00:00,1,29,919.86,31.71931034,153.31,4,Setel Wallet,PRIMAX 95,16,920,57.5,Bank Account,No,EN,Yes,Female,2,4,0
67,25,156,2022-07-13 00:00:00+00:00,2022-07-15 00:00:00+00:00,1,139,909.6,6.543884892,151.6,1,Setel Wallet,PRIMAX 95,79,913,11.55696203,Card,No,EN,Yes,Male,2,0,0
68,44,192,2022-07-11 00:00:00+00:00,2022-07-15 00:00:00+00:00,1,30,1421.14,47.37133333,203.02,6,Setel Wallet,PRIMAX 95,25,1454,58.16,Grab,No,EN,Yes,Female,4,0,0
69,,101,2022-07-11 00:00:00+00:00,2022-07-14 00:00:00+00:00,1,27,320,11.85185185,80,3,Setel Wallet,PRIMAX 97,3,400,133.3333333,Bank Account,No,EN,Yes,Unknown gender,3,1,0
70,,81,2022-06-26 00:00:00+00:00,2022-07-13 00:00:00+00:00,1,13,250,19.23076923,62.5,6,Setel Wallet,PRIMAX 95,13,250,19.23076923,Bank Account,No,EN,Yes,Unknown gender,17,2,0
71,,102,2022-05-12 00:00:00+00:00,2022-07-04 00:00:00+00:00,1,4,110,27.5,36.66666667,25,Setel Wallet,PRIMAX 95,4,120,30,Others Vouchers,No,EN,Yes,Unknown gender,53,11,0
72,42,168,2022-07-09 00:00:00+00:00,2022-07-12 00:00:00+00:00,1,42,2016.63,48.015,336.105,4,Setel Wallet,PRIMAX 95,20,2137.18,106.859,Bank Account,No,EN,Yes,Male,3,3,0
73,,186,2022-06-29 00:00:00+00:00,2022-07-09 00:00:00+00:00,1,50,2624.77,52.4954,374.9671429,3,Setel Wallet,PRIMAX 95,26,2620,100.7692308,Bank Account,No,EN,Yes,Unknown gender,10,6,0
74,31,185,2022-06-21 00:00:00+00:00,2022-07-08 00:00:00+00:00,1,24,1676.6,69.85833333,239.5142857,7,Setel Wallet,PRIMAX 95,22,1685,76.59090909,Bank Account,No,EN,Yes,Female,17,7,0
75,,119,2022-06-26 00:00:00+00:00,2022-07-13 00:00:00+00:00,1,33,610,18.48484848,122,3,Setel Wallet,PRIMAX 95,33,610,18.48484848,Bank Account,No,EN,Yes,Unknown gender,17,2,0
76,,115,2022-07-05 00:00:00+00:00,2022-07-07 00:00:00+00:00,1,56,1248,22.28571429,249.6,2,Setel Wallet,PRIMAX 95,48,1340,27.91666667,Bank Account,No,EN,Yes,Unknown gender,2,8,0
77,40,119,2022-07-12 00:00:00+00:00,2022-07-13 00:00:00+00:00,1,28,1396,49.85714286,279.2,4,Setel Wallet,PRIMAX 95,8,1390,173.75,Bank Account,No,EN,Yes,Male,1,2,0
78,,109,2022-07-04 00:00:00+00:00,2022-07-11 00:00:00+00:00,1,12,350,29.16666667,70,9,Setel Wallet,PRIMAX 95,14,370,26.42857143,Bank Account,No,EN,Yes,Unknown gender,7,4,0
79,36,157,2022-07-13 00:00:00+00:00,2022-07-14 00:00:00+00:00,1,57,2388,41.89473684,398,2,Setel Wallet,PRIMAX 95,54,2385,44.16666667,Bank Account,No,EN,Yes,Male,1,1,0
80,,115,2022-07-12 00:00:00+00:00,2022-07-13 00:00:00+00:00,1,25,498.07,19.9228,124.5175,4,Setel Wallet,PRIMAX 95,5,550,110,Bank Account,No,EN,Yes,Unknown gender,1,2,0
81,,122,2022-06-30 00:00:00+00:00,2022-07-14 00:00:00+00:00,1,20,172.64,8.632,34.528,6,Setel Wallet,PRIMAX 95,10,175,17.5,Bank Account,No,EN,Yes,Unknown gender,14,1,0
82,,95,2022-07-07 00:00:00+00:00,2022-07-09 00:00:00+00:00,1,13,499,38.38461538,124.75,7,Setel Wallet,PRIMAX 95,10,490,49,Bank Account,No,MS,Yes,Unknown gender,2,6,0
83,37,79,2022-07-10 00:00:00+00:00,2022-07-14 00:00:00+00:00,1,12,700.44,58.37,233.48,6,Setel Wallet,PRIMAX 95,3,750,250,Bank Account,No,EN,Yes,Male,4,1,0
84,29,117,2022-07-14 00:00:00+00:00,2022-07-15 00:00:00+00:00,1,73,705.32,9.661917808,176.33,1,Setel Wallet,PRIMAX 95,21,715,34.04761905,Bank Account,No,EN,Yes,Male,1,0,0
85,23,92,2022-06-23 00:00:00+00:00,2022-07-13 00:00:00+00:00,1,12,309.94,25.82833333,77.485,7,Setel Wallet,PRIMAX 95,10,310,31,Bank Account,Yes,EN,Yes,Female,20,2,0
86,24,164,2022-06-10 00:00:00+00:00,2022-07-13 00:00:00+00:00,1,7,185,26.42857143,46.25,23,Setel Wallet,PRIMAX 95,6,180,30,Bank Account,Yes,EN,Yes,Female,33,2,0
87,,170,2022-06-23 00:00:00+00:00,2022-07-08 00:00:00+00:00,1,12,320,26.66666667,53.33333333,14,Setel Wallet,PRIMAX 95,14,340,24.28571429,Bank Account,No,EN,Yes,Unknown gender,15,7,0
88,,153,2022-07-02 00:00:00+00:00,2022-07-12 00:00:00+00:00,1,19,1156.53,60.87,192.755,8,Setel Wallet,PRIMAX 95,19,1180.09,62.11,Card,No,EN,Yes,Unknown gender,10,3,0
89,26,163,2022-07-04 00:00:00+00:00,2022-07-08 00:00:00+00:00,1,30,1447.03,48.23433333,241.1716667,5,CardTerus,PRIMAX 95,3,109,36.33333333,Card,Yes,EN,Yes,Female,4,7,0
90,,118,2022-07-06 00:00:00+00:00,2022-07-13 00:00:00+00:00,1,19,812.98,42.78842105,162.596,6,Setel Wallet,PRIMAX 95,7,810,115.7142857,Bank Account,No,EN,Yes,Unknown gender,7,2,0
91,,106,2022-07-02 00:00:00+00:00,2022-07-14 00:00:00+00:00,1,31,249,8.032258065,49.8,3,Setel Wallet,PRIMAX 95,10,255,25.5,Bank Account,No,EN,Yes,Unknown gender,12,1,0
92,,84,2022-07-06 00:00:00+00:00,2022-07-15 00:00:00+00:00,1,10,577,57.7,192.3333333,8,Setel Wallet,PRIMAX 95,6,597.28,99.54666667,Bank Account,No,EN,Yes,Unknown gender,9,0,0
93,,85,2022-06-07 00:00:00+00:00,2022-07-11 00:00:00+00:00,1,5,198.02,39.604,66.00666667,17,CardTerus,PRIMAX 95,2,80,40,Card,No,EN,Yes,Unknown gender,34,4,0
94,,185,2022-07-05 00:00:00+00:00,2022-07-14 00:00:00+00:00,1,25,1340,53.6,191.4285714,7,Setel Wallet,PRIMAX 95,14,1420,101.4285714,Bank Account,No,EN,Yes,Unknown gender,9,1,0
95,25,195,2022-07-04 00:00:00+00:00,2022-07-10 00:00:00+00:00,1,38,1345,35.39473684,192.1428571,5,Setel Wallet,PRIMAX 95,33,1355,41.06060606,Card,No,EN,Yes,Female,6,5,0
96,25,190,2022-07-07 00:00:00+00:00,2022-07-11 00:00:00+00:00,1,63,1167,18.52380952,233.4,3,Setel Wallet,PRIMAX 97,19,1162,61.15789474,Bank Account,No,EN,Yes,Male,4,4,0
97,,127,2022-07-03 00:00:00+00:00,2022-07-04 00:00:00+00:00,1,18,472,26.22222222,94.4,7,Setel Wallet,PRIMAX 95,9,490,54.44444444,Bank Account,No,EN,Yes,Unknown gender,1,11,0
98,,97,2022-06-19 00:00:00+00:00,2022-07-01 00:00:00+00:00,1,8,369.87,46.23375,92.4675,12,Setel Wallet,PRIMAX 95,8,368,46,Bank Account,No,EN,Yes,Unknown gender,12,14,0
99,,140,2022-05-18 00:00:00+00:00,2022-07-14 00:00:00+00:00,1,6,224.54,37.42333333,56.135,23,Setel Wallet,PRIMAX 95,6,225,37.5,Bank Account,No,EN,Yes,Unknown gender,57,1,0
100,,102,2022-06-02 00:00:00+00:00,2022-06-17 00:00:00+00:00,1,22,958.6,43.57272727,319.5333333,4,Setel Wallet,EURO5,27,958.6,35.5037037,Bank Account,Yes,EN,Yes,Unknown gender,15,28,1
101,,149,2022-06-19 00:00:00+00:00,2022-06-24 00:00:00+00:00,1,42,392.3,9.34047619,78.46,3,Setel Wallet,PRIMAX 95,17,387,22.76470588,Bank Account,No,EN,Yes,Male,5,21,1
102,,97,2022-05-03 00:00:00+00:00,2022-05-29 00:00:00+00:00,1,8,103.33,12.91625,51.665,12,Setel Wallet,PRIMAX 95,4,105,26.25,Bank Account,No,EN,Yes,Unknown gender,26,47,1
103,,179,2022-05-23 00:00:00+00:00,2022-06-04 00:00:00+00:00,1,8,288.36,36.045,72.09,22,Setel Wallet,PRIMAX 95,11,290,26.36363636,Card,No,EN,Yes,Unknown gender,12,41,1
104,23,109,2022-04-17 00:00:00+00:00,2022-04-24 00:00:00+00:00,1,3,20,6.666666667,10,36,Setel Wallet,PRIMAX 95,2,20,10,Bank Account,No,EN,Yes,Male,7,82,1
105,,173,2022-04-20 00:00:00+00:00,2022-04-23 00:00:00+00:00,1,9,388.55,43.17222222,97.1375,19,Setel Wallet,PRIMAX 95,8,390,48.75,Bank Account,No,EN,Yes,Unknown gender,3,83,1
106,,193,2022-01-12 00:00:00+00:00,2022-01-20 00:00:00+00:00,1,3,100,33.33333333,100,64,Setel Wallet,PRIMAX 95,1,100,100,Bank Account,No,EN,Yes,Unknown gender,8,176,1
107,,158,2022-06-10 00:00:00+00:00,2022-06-15 00:00:00+00:00,1,10,460,46,115,15,Setel Wallet,PRIMAX 95,8,460,57.5,Bank Account,Yes,EN,Yes,Male,5,30,1
108,25,189,2022-05-29 00:00:00+00:00,2022-06-30 00:00:00+00:00,1,22,147.95,6.725,24.65833333,8,Setel Wallet,PRIMAX 95,5,170,34,Bank Account,Yes,EN,Yes,Male,32,15,1
109,,117,2022-03-20 00:00:00+00:00,2022-03-20 00:00:00+00:00,1,3,23,7.666666667,23,39,Setel Wallet,PRIMAX 95,1,20,20,Others Vouchers,No,EN,Yes,Unknown gender,0,117,1
110,,91,2022-05-09 00:00:00+00:00,2022-05-28 00:00:00+00:00,1,4,260.8,65.2,130.4,22,Setel Wallet,PRIMAX 95,3,260,86.66666667,Grab,No,EN,Yes,Unknown gender,19,48,1
111,,169,2022-02-20 00:00:00+00:00,2022-03-06 00:00:00+00:00,1,6,336,56,112,28,Setel Wallet,PRIMAX 95,7,327,46.71428571,Epay Vouchers,No,EN,Yes,Unknown gender,14,131,1
112,34,157,2022-05-24 00:00:00+00:00,2022-05-27 00:00:00+00:00,1,16,703,43.9375,175.75,9,Setel Wallet,PRIMAX 95,16,707,44.1875,Bank Account,No,EN,Yes,Female,3,49,1
113,,195,2022-06-29 00:00:00+00:00,2022-06-29 00:00:00+00:00,1,22,101.55,4.615909091,16.925,8,Setel Wallet,PRIMAX 95,8,105,13.125,Bank Account,No,EN,Yes,Male,0,16,1
114,,116,2022-04-07 00:00:00+00:00,2022-04-11 00:00:00+00:00,1,4,100,25,50,29,Setel Wallet,PRIMAX 95,4,110,27.5,Bank Account,No,EN,Yes,Unknown gender,4,95,1
115,,82,2022-06-01 00:00:00+00:00,2022-06-29 00:00:00+00:00,1,5,180,36,90,16,Setel Wallet,PRIMAX 95,4,180,45,Bank Account,No,EN,Yes,Male,28,16,1
116,,152,2022-02-13 00:00:00+00:00,2022-02-13 00:00:00+00:00,1,4,23,5.75,23,38,Setel Wallet,PRIMAX 95,1,20,20,Others Vouchers,No,EN,Yes,Unknown gender,0,152,1
117,,175,2022-02-03 00:00:00+00:00,2022-02-03 00:00:00+00:00,1,3,100,33.33333333,50,58,Setel Wallet,DIESEL,2,100,50,Epay Vouchers,No,EN,Yes,Unknown gender,0,162,1
118,,182,2022-01-15 00:00:00+00:00,2022-01-15 00:00:00+00:00,1,3,23,7.666666667,23,60,Setel Wallet,PRIMAX 95,1,20,20,Epay Vouchers,No,EN,Yes,Unknown gender,0,181,1
119,33,117,2022-06-03 00:00:00+00:00,2022-06-13 00:00:00+00:00,1,12,522.51,43.5425,130.6275,9,Setel Wallet,PRIMAX 95,10,640,64,Card,No,EN,Yes,Female,10,32,1
120,24,94,2022-05-15 00:00:00+00:00,2022-05-18 00:00:00+00:00,1,4,200,50,100,23,Setel Wallet,PRIMAX 95,6,200,33.33333333,Grab,No,EN,Yes,Male,3,58,1
121,,95,2022-06-16 00:00:00+00:00,2022-06-27 00:00:00+00:00,1,13,553.5,42.57692308,184.5,7,Setel Wallet,PRIMAX 95,8,590,73.75,Bank Account,Yes,EN,Yes,Unknown gender,11,18,1
122,,192,2022-01-04 00:00:00+00:00,2022-01-04 00:00:00+00:00,1,3,23,7.666666667,23,64,Setel Wallet,PRIMAX 95,1,20,20,Others Vouchers,No,EN,Yes,Unknown gender,0,192,1
123,,154,2022-06-04 00:00:00+00:00,2022-06-12 00:00:00+00:00,1,12,957.19,79.76583333,191.438,12,Setel Wallet,PRIMAX 95,10,1010,101,Grab,No,EN,Yes,Unknown gender,8,33,1
124,23,140,2022-04-06 00:00:00+00:00,2022-04-12 00:00:00+00:00,1,8,40,5,13.33333333,17,Setel Wallet,PRIMAX 95,2,40,20,Bank Account,No,EN,Yes,Female,6,94,1
125,,158,2022-02-17 00:00:00+00:00,2022-02-17 00:00:00+00:00,1,11,85,7.727272727,85,14,Setel Wallet,PRIMAX 95,2,30,15,Epay Vouchers,No,EN,Yes,Unknown gender,0,148,1
126,27,124,2022-05-07 00:00:00+00:00,2022-06-12 00:00:00+00:00,1,18,815.84,45.32444444,203.96,6,Setel Wallet,PRIMAX 95,15,820,54.66666667,Bank Account,Yes,EN,Yes,Male,36,33,1
127,,117,2022-05-22 00:00:00+00:00,2022-05-23 00:00:00+00:00,1,20,160.58,8.029,53.52666667,5,Setel Wallet,PRIMAX 95,3,170,56.66666667,Bank Account,No,EN,Yes,Female,1,53,1
128,,166,2022-03-17 00:00:00+00:00,2022-03-23 00:00:00+00:00,1,7,302.94,43.27714286,100.98,23,Setel Wallet,PRIMAX 95,2,300,150,Bank Account,No,EN,Yes,Unknown gender,6,114,1
129,,114,2022-03-23 00:00:00+00:00,2022-03-26 00:00:00+00:00,1,3,50,16.66666667,50,38,Setel Wallet,PRIMAX 95,2,30,15,Epay Vouchers,No,EN,Yes,Unknown gender,3,111,1
130,24,100,2022-04-09 00:00:00+00:00,2022-04-11 00:00:00+00:00,1,3,10,3.333333333,10,33,Setel Wallet,PRIMAX 95,1,10,10,Epay Vouchers,No,EN,Yes,Male,2,95,1
131,,155,2022-02-10 00:00:00+00:00,2022-02-10 00:00:00+00:00,1,3,45,15,45,51,Setel Wallet,PRIMAX 95,1,30,30,Bank Account,No,ZH-HANS,Yes,Unknown gender,0,155,1
132,,94,2022-06-12 00:00:00+00:00,2022-06-29 00:00:00+00:00,1,7,280,40,93.33333333,13,Setel Wallet,PRIMAX 95,5,280,56,Bank Account,No,EN,Yes,Unknown gender,17,16,1
133,,130,2022-05-27 00:00:00+00:00,2022-06-17 00:00:00+00:00,1,7,48,6.857142857,12,18,Setel Wallet,PRIMAX 95,3,60,20,Epay Vouchers,No,EN,Yes,Unknown gender,21,28,1
134,,80,2022-05-08 00:00:00+00:00,2022-05-24 00:00:00+00:00,1,4,95,23.75,47.5,20,Setel Wallet,PRIMAX 95,2,90,45,Bank Account,No,EN,Yes,Unknown gender,16,52,1
135,,126,2022-06-05 00:00:00+00:00,2022-06-26 00:00:00+00:00,1,9,301.07,33.45222222,75.2675,14,Setel Wallet,PRIMAX 95,8,302,37.75,Bank Account,No,EN,Yes,Unknown gender,21,19,1
136,,110,2022-06-18 00:00:00+00:00,2022-06-25 00:00:00+00:00,1,9,414.04,46.00444444,138.0133333,12,Setel Wallet,PRIMAX 95,8,420,52.5,Bank Account,Yes,EN,Yes,Unknown gender,7,20,1
137,,190,2022-01-28 00:00:00+00:00,2022-01-31 00:00:00+00:00,1,12,216,18,216,15,Setel Wallet,PRIMAX 95,5,210,42,Bank Account,No,EN,Yes,Unknown gender,3,165,1
138,39,191,2022-06-04 00:00:00+00:00,2022-06-05 00:00:00+00:00,1,11,400,36.36363636,80,17,Setel Wallet,PRIMAX 95,6,400,66.66666667,Bank Account,No,EN,Yes,Male,1,40,1
139,23,155,2022-03-14 00:00:00+00:00,2022-03-30 00:00:00+00:00,1,4,150,37.5,75,38,Setel Wallet,PRIMAX 95,3,150,50,Bank Account,No,EN,Yes,Female,16,107,1
140,,182,2022-01-14 00:00:00+00:00,2022-01-14 00:00:00+00:00,1,3,23,7.666666667,23,60,Setel Wallet,PRIMAX 95,1,20,20,Others Vouchers,No,EN,Yes,Unknown gender,0,182,1
141,49,83,2022-05-31 00:00:00+00:00,2022-06-02 00:00:00+00:00,1,103,26697.88,259.2027184,8899.293333,0,Setel Wallet,DIESEL,57,26697,468.3684211,Redemption Points,No,EN,Yes,Male,2,43,1
142,,104,2022-04-04 00:00:00+00:00,2022-04-11 00:00:00+00:00,1,3,170,56.66666667,170,34,Setel Wallet,PRIMAX 95,3,170,56.66666667,Bank Account,No,EN,Yes,Unknown gender,7,95,1
143,51,117,2022-05-02 00:00:00+00:00,2022-05-03 00:00:00+00:00,1,19,1160,61.05263158,386.6666667,6,Setel Wallet,PRIMAX 95,18,1160,64.44444444,Bank Account,No,EN,Yes,Male,1,73,1
144,,81,2022-04-25 00:00:00+00:00,2022-05-08 00:00:00+00:00,1,3,130,43.33333333,65,27,Setel Wallet,PRIMAX 95,2,130,65,Card,No,EN,Yes,Unknown gender,13,68,1
145,,165,2022-05-07 00:00:00+00:00,2022-05-09 00:00:00+00:00,1,32,179,5.59375,44.75,5,Setel Wallet,PRIMAX 95,15,180,12,Bank Account,No,EN,Yes,Unknown gender,2,67,1
146,30,183,2022-05-04 00:00:00+00:00,2022-05-17 00:00:00+00:00,1,14,530,37.85714286,132.5,13,Setel Wallet,PRIMAX 95,9,540,60,Bank Account,No,EN,Yes,Female,13,59,1
147,28,182,2022-06-12 00:00:00+00:00,2022-06-26 00:00:00+00:00,1,9,776.8,86.31111111,155.36,20,Setel Wallet,PRIMAX 95,9,820,91.11111111,Card,No,EN,Yes,Female,14,19,1
148,51,163,2022-05-17 00:00:00+00:00,2022-05-28 00:00:00+00:00,1,12,602.01,50.1675,150.5025,13,Setel Wallet,PRIMAX 95,6,640,106.6666667,Card,No,EN,Yes,Female,11,48,1
149,,99,2022-04-09 00:00:00+00:00,2022-04-14 00:00:00+00:00,1,3,60,20,60,33,Setel Wallet,PRIMAX 95,3,60,20,Bank Account,No,EN,Yes,Unknown gender,5,92,1
150,,135,2022-05-03 00:00:00+00:00,2022-05-14 00:00:00+00:00,1,5,119.06,23.812,59.53,27,Setel Wallet,PRIMAX 95,3,120,40,Bank Account,No,EN,Yes,Unknown gender,11,62,1
151,,139,2022-02-26 00:00:00+00:00,2022-02-26 00:00:00+00:00,1,3,23,7.666666667,23,46,Setel Wallet,PRIMAX 95,1,20,20,Others Vouchers,No,EN,Yes,Unknown gender,0,139,1
152,,95,2022-04-11 00:00:00+00:00,2022-04-11 00:00:00+00:00,1,3,55,18.33333333,55,31,Setel Wallet,PRIMAX 95,1,50,50,Epay Vouchers,No,EN,Yes,Unknown gender,0,95,1
153,24,104,2022-06-12 00:00:00+00:00,2022-06-24 00:00:00+00:00,1,9,139,15.44444444,46.33333333,11,Setel Wallet,PRIMAX 95,8,150,18.75,Bank Account,No,EN,Yes,Male,12,21,1
154,,110,2022-06-11 00:00:00+00:00,2022-06-26 00:00:00+00:00,1,8,370.13,46.26625,92.5325,13,Setel Wallet,PRIMAX 95,8,405,50.625,Bank Account,No,EN,Yes,Unknown gender,15,19,1
155,,89,2022-04-24 00:00:00+00:00,2022-04-26 00:00:00+00:00,1,3,150,50,150,29,Setel Wallet,PRIMAX 95,3,150,50,Card,No,EN,Yes,Unknown gender,2,80,1
156,,124,2022-06-03 00:00:00+00:00,2022-06-17 00:00:00+00:00,1,14,69,4.928571429,23,8,Setel Wallet,PRIMAX 95,2,70,35,Bank Account,No,EN,Yes,Unknown gender,14,28,1
157,36,116,2022-06-18 00:00:00+00:00,2022-06-21 00:00:00+00:00,1,24,1798.53,74.93875,449.6325,4,CardTerus,EURO5,14,578.62,41.33,Redemption Points,Yes,ZH-HANS,Yes,Male,3,24,1
158,,173,2022-04-16 00:00:00+00:00,2022-05-11 00:00:00+00:00,1,8,271.25,33.90625,90.41666667,21,Setel Wallet,PRIMAX 95,8,271.25,33.90625,Bank Account,No,EN,Yes,Unknown gender,25,65,1
159,,81,2022-06-06 00:00:00+00:00,2022-06-08 00:00:00+00:00,1,11,280,25.45454545,93.33333333,7,Setel Wallet,PRIMAX 95,12,280,23.33333333,Grab,No,EN,Yes,Unknown gender,2,37,1
160,23,107,2022-06-18 00:00:00+00:00,2022-06-26 00:00:00+00:00,1,15,624.18,41.612,156.045,7,Setel Wallet,PRIMAX 95,13,645,49.61538462,Bank Account,No,EN,Yes,Male,8,19,1
161,,155,2022-03-23 00:00:00+00:00,2022-04-16 00:00:00+00:00,1,7,79.62,11.37428571,26.54,22,Setel Wallet,PRIMAX 95,2,80,40,Bank Account,No,EN,Yes,Unknown gender,24,90,1
162,,100,2022-06-09 00:00:00+00:00,2022-06-16 00:00:00+00:00,1,12,514.77,42.8975,171.59,8,Setel Wallet,PRIMAX 95,10,510,51,Grab,No,EN,Yes,Unknown gender,7,29,1
163,,128,2022-04-30 00:00:00+00:00,2022-06-16 00:00:00+00:00,1,8,129.71,16.21375,43.23666667,16,Setel Wallet,PRIMAX 95,4,140,35,Epay Vouchers,No,EN,Yes,Unknown gender,47,29,1
164,,102,2022-05-05 00:00:00+00:00,2022-05-06 00:00:00+00:00,1,9,185.5,20.61111111,92.75,11,Setel Wallet,PRIMAX 95,7,190,27.14285714,Epay Vouchers,No,EN,Yes,Unknown gender,1,70,1
165,25,158,2022-02-15 00:00:00+00:00,2022-03-14 00:00:00+00:00,1,5,160,32,80,31,Setel Wallet,PRIMAX 95,4,160,40,Bank Account,No,EN,Yes,Male,27,123,1
166,,147,2022-04-13 00:00:00+00:00,2022-04-13 00:00:00+00:00,1,6,220,36.66666667,73.33333333,24,Setel Wallet,PRIMAX 95,7,220,31.42857143,Bank Account,No,EN,Yes,Unknown gender,0,93,1
167,,146,2022-02-19 00:00:00+00:00,2022-02-19 00:00:00+00:00,1,3,55,18.33333333,55,48,Setel Wallet,PRIMAX 95,1,50,50,Epay Vouchers,No,EN,Yes,Unknown gender,0,146,1
168,,122,2022-03-25 00:00:00+00:00,2022-03-31 00:00:00+00:00,1,5,73,14.6,73,24,Setel Wallet,PRIMAX 95,2,70,35,Epay Vouchers,No,EN,Yes,Unknown gender,6,106,1
169,44,161,2022-05-27 00:00:00+00:00,2022-06-08 00:00:00+00:00,1,21,675,32.14285714,135,7,Setel Wallet,PRIMAX 95,14,720,51.42857143,Bank Account,No,EN,Yes,Male,12,37,1
170,,148,2022-02-19 00:00:00+00:00,2022-02-19 00:00:00+00:00,1,3,23,7.666666667,23,49,Setel Wallet,PRIMAX 95,1,20,20,Epay Vouchers,No,EN,Yes,Unknown gender,0,146,1
171,,147,2022-03-14 00:00:00+00:00,2022-04-01 00:00:00+00:00,1,5,143,28.6,47.66666667,29,Setel Wallet,PRIMAX 95,5,138,27.6,Bank Account,No,EN,Yes,Unknown gender,18,105,1
172,46,110,2022-05-01 00:00:00+00:00,2022-05-16 00:00:00+00:00,1,10,31,3.1,10.33333333,11,Setel Wallet,PRIMAX 95,4,40,10,Epay Vouchers,Yes,EN,Yes,Male,15,60,1
173,,160,2022-02-05 00:00:00+00:00,2022-02-05 00:00:00+00:00,1,3,23,7.666666667,23,53,Setel Wallet,PRIMAX 95,1,20,20,Others Vouchers,No,EN,Yes,Unknown gender,0,160,1
174,,176,2022-06-23 00:00:00+00:00,2022-06-26 00:00:00+00:00,1,10,205,20.5,41,17,Setel Wallet,PRIMAX 95,10,205,20.5,Bank Account,No,EN,Yes,Unknown gender,3,19,1
175,,106,2022-06-13 00:00:00+00:00,2022-06-29 00:00:00+00:00,1,7,344.11,49.15857143,114.7033333,15,Setel Wallet,PRIMAX 95,6,390,65,Bank Account,No,EN,Yes,Unknown gender,16,16,1
176,,167,2022-02-11 00:00:00+00:00,2022-02-22 00:00:00+00:00,1,3,66,22,33,55,Setel Wallet,PRIMAX 95,3,60,20,Epay Vouchers,No,EN,Yes,Unknown gender,11,143,1
177,,81,2022-04-26 00:00:00+00:00,2022-04-26 00:00:00+00:00,1,3,60,20,60,27,Setel Wallet,PRIMAX 95,3,60,20,Bank Account,No,EN,Yes,Unknown gender,0,80,1
178,,92,2022-06-07 00:00:00+00:00,2022-06-09 00:00:00+00:00,1,36,1010.55,28.07083333,336.85,2,Setel Wallet,PRIMAX 95,19,1040,54.73684211,Bank Account,No,MS,Yes,Unknown gender,2,36,1
179,,104,2022-05-19 00:00:00+00:00,2022-05-25 00:00:00+00:00,1,5,207,41.4,103.5,20,Setel Wallet,PRIMAX 95,5,166,33.2,Auto Topup,No,EN,Yes,Unknown gender,6,51,1
180,,114,2022-05-28 00:00:00+00:00,2022-06-21 00:00:00+00:00,1,7,295.02,42.14571429,98.34,16,Setel Wallet,PRIMAX 95,7,320,45.71428571,Card,No,EN,Yes,Unknown gender,24,24,1
181,,187,2022-05-03 00:00:00+00:00,2022-05-24 00:00:00+00:00,1,6,325,54.16666667,81.25,31,CardTerus,PRIMAX 95,2,100,50,Card,No,EN,Yes,Unknown gender,21,52,1
182,29,176,2022-05-07 00:00:00+00:00,2022-06-03 00:00:00+00:00,1,10,463.29,46.329,77.215,17,Setel Wallet,PRIMAX 95,9,560,62.22222222,Boost,No,ZH-HANS,Yes,Female,27,42,1
183,,98,2022-06-16 00:00:00+00:00,2022-06-23 00:00:00+00:00,1,9,274.47,30.49666667,91.49,10,Setel Wallet,PRIMAX 95,9,275,30.55555556,Bank Account,No,EN,Yes,Male,7,22,1
184,,135,2022-04-16 00:00:00+00:00,2022-04-29 00:00:00+00:00,1,8,263,32.875,131.5,16,Setel Wallet,PRIMAX 97,9,260,28.88888889,Grab,No,EN,Yes,Unknown gender,13,77,1
185,33,162,2022-03-24 00:00:00+00:00,2022-03-30 00:00:00+00:00,1,7,280,40,140,23,Setel Wallet,EURO5,4,290,72.5,Bank Account,No,EN,Yes,Female,6,107,1
186,,91,2022-05-18 00:00:00+00:00,2022-05-19 00:00:00+00:00,1,8,241,30.125,120.5,11,CardTerus,PRIMAX 95,7,190,27.14285714,Card,No,EN,Yes,Unknown gender,1,57,1
187,,77,2022-06-02 00:00:00+00:00,2022-06-22 00:00:00+00:00,1,4,95,23.75,47.5,19,Setel Wallet,PRIMAX 95,6,300,50,Others Vouchers,No,EN,Yes,Unknown gender,20,23,1
188,,97,2022-05-07 00:00:00+00:00,2022-06-03 00:00:00+00:00,1,4,220,55,73.33333333,24,Setel Wallet,PRIMAX 95,4,220,55,Bank Account,No,EN,Yes,Unknown gender,27,42,1
189,,81,2022-05-23 00:00:00+00:00,2022-05-28 00:00:00+00:00,1,3,60,20,60,27,Setel Wallet,PRIMAX 95,2,80,40,Bank Account,No,EN,Yes,Unknown gender,5,48,1
190,25,114,2022-05-28 00:00:00+00:00,2022-06-03 00:00:00+00:00,1,7,303,43.28571429,75.75,16,Setel Wallet,PRIMAX 95,5,330,66,Bank Account,No,EN,Yes,Male,6,42,1
191,,144,2022-06-19 00:00:00+00:00,2022-06-28 00:00:00+00:00,1,17,971.1,57.12352941,194.22,8,Setel Wallet,PRIMAX 95,18,980,54.44444444,Card,No,EN,Yes,Unknown gender,9,17,1
192,26,76,2022-06-06 00:00:00+00:00,2022-06-14 00:00:00+00:00,1,4,160,40,80,19,Setel Wallet,PRIMAX 95,4,160,40,Bank Account,Yes,EN,Yes,Male,8,31,1
193,,187,2022-03-02 00:00:00+00:00,2022-05-08 00:00:00+00:00,1,5,181.97,36.394,60.65666667,37,Setel Wallet,PRIMAX 95,6,180,30,Card,No,EN,Yes,Unknown gender,67,68,1
194,24,77,2022-06-13 00:00:00+00:00,2022-06-25 00:00:00+00:00,1,7,21,3,10.5,11,Setel Wallet,PRIMAX 95,2,23,11.5,Bank Account,No,MS,Yes,Male,12,20,1
195,,79,2022-06-02 00:00:00+00:00,2022-06-15 00:00:00+00:00,1,14,1005.16,71.79714286,335.0533333,5,Setel Wallet,PRIMAX 95,14,1020,72.85714286,Grab,No,EN,Yes,Unknown gender,13,30,1
196,26,97,2022-06-24 00:00:00+00:00,2022-06-25 00:00:00+00:00,1,5,125,25,41.66666667,19,Setel Wallet,PRIMAX 95,5,125,25,Bank Account,No,EN,Yes,Female,1,20,1
197,,165,2022-02-01 00:00:00+00:00,2022-02-02 00:00:00+00:00,1,3,40,13.33333333,40,55,Setel Wallet,PRIMAX 95,1,30,30,Bank Account,No,EN,Yes,Unknown gender,1,163,1
198,,171,2022-01-25 00:00:00+00:00,2022-01-25 00:00:00+00:00,1,3,23,7.666666667,23,57,Setel Wallet,PRIMAX 95,1,20,20,Others Vouchers,No,EN,Yes,Unknown gender,0,171,1
199,,97,2022-05-18 00:00:00+00:00,2022-05-20 00:00:00+00:00,1,4,116,29,116,24,Setel Wallet,PRIMAX 97,2,120,60,Bank Account,Yes,EN,Yes,Unknown gender,2,56,1
